timestamp,active_addresses,transfer_volume,ssr,gas_fees,exchange_inflow,exchange_outflow
2022-01-01,2731.23033433279,513858170.31504333,2.7121452920882416,81.6192760365764,319994637.2151193,54793955.578746855
2022-01-02,3013.6112716522307,1126561571.406707,2.497364196430157,60.60358749993242,739049093.4752114,946149567.6155246
2022-01-03,6088.352222513021,1313689097.1580758,2.8448523752943347,38.491910042464504,826025433.0038605,450336272.28250265
2022-01-04,5342.266357490607,1616534850.7736228,2.855398498788085,26.353965764418295,416292520.35806143,158568426.82901937
2022-01-05,6095.414958698624,1292720130.5300932,2.5675283037377765,79.87805747903127,723993481.1769953,672405686.2348888
2022-01-06,7881.804739384808,902009680.7045399,3.803070132757164,6.193312292474765,510763913.45912564,439237017.39331096
2022-01-07,673.8393409363807,551231573.2259774,3.266995991029665,27.955324766753122,363315980.0425335,933970110.9375665
2022-01-08,3939.8329037432622,1572715591.1435952,3.0675699566340486,100.04535976802141,762625055.4375916,228126681.1265617
2022-01-09,3864.118029862761,1408443825.491029,1.7487572606893353,71.4311652626113,547663850.6988798,437606497.0592404
2022-01-10,5445.767049281437,721921052.1015737,2.8635558045428713,31.198038667680226,565024712.3228877,409457776.82058114
2022-01-11,4912.816121447329,865105033.6574013,3.2567164190043507,39.421157299529916,659070103.1479547,628224153.6497428
2022-01-12,3352.658260731942,1265379376.4332688,3.361490270645717,92.4265836649673,378711485.3805902,497151713.70859146
2022-01-13,4723.7438935271,1476484187.7902532,3.33243107748872,60.083831028431874,393036406.9275883,398762232.23157626
2022-01-14,4127.526053896396,1825898295.4996374,2.9062292623967805,50.52859067521178,277349565.67362785,836159020.2093492
2022-01-15,5886.807259536543,1100701571.5739095,1.7325200974052475,23.05419132993685,563093589.1718569,174069850.97470552
2022-01-16,5374.172130976113,206222252.1660452,3.137957341507014,118.86426511507352,1081728684.5417109,563021719.6614093
2022-01-17,6317.3077467616195,1961970634.6080618,2.952900446768382,16.103981265982412,420824400.11657345,349992412.2980081
2022-01-18,4873.929137417634,232872260.6163491,2.2757498762719064,32.65862894485208,252799623.5971719,511144329.70998424
2022-01-19,3563.883079981414,529572122.4167313,1.8338545044512558,62.11874783594703,341109959.55539143,662818955.282741
2022-01-20,5718.235741163506,802288579.3016908,2.3060482950247962,44.43600028818521,412721675.1594603,480471602.65946144
2022-01-21,5771.439380749402,152219802.9667517,2.289989647218731,23.588368469176423,411849448.3110046,529531495.0218762
2022-01-22,6375.2449011886065,731914585.677963,1.9718790165437765,54.408322877019806,614776834.6267221,481740376.3474553
2022-01-23,4542.594197524833,1302874051.135047,0.9802609874254302,73.64607122790827,478007432.9626155,315308915.5827131
2022-01-24,5634.845917821499,1045367089.9470888,4.566533673841958,74.85650339382539,718377110.8557868,351803626.3585992
2022-01-25,2840.890834975618,1102866244.8563733,3.0562876815136804,44.95253531581508,283478366.0749297,524538004.7436246
2022-01-26,4094.9522696218073,1610012696.782011,2.018289147815464,20.62916263610488,426045079.84056145,513487199.9148973
2022-01-27,4151.235104066821,1479206923.93909,2.444060598381734,102.81519511854529,539951400.159473,381803945.58556414
2022-01-28,5336.909948368673,1458440806.6405716,3.591104238715425,65.1152168647861,584988088.6244054,466792098.3137165
2022-01-29,3613.6746478642613,599175341.8512038,3.1290319418363826,75.15044134001703,366430480.0423955,387300289.1495421
2022-01-30,2826.9961399349695,2922012766.4092216,2.7313429708824195,47.31448303523287,547200166.3956873,700518580.4340975
2022-01-31,3909.2720097160263,2028668187.691084,2.7273925574802464,52.65436707996651,175012647.7852378,375229894.41703546
2022-02-01,5102.729888196376,1502395841.0207608,2.0554554718313605,99.18254851986185,381934430.0276844,287185263.1904134
2022-02-02,4585.117349597056,602317740.8328329,2.8240153480515633,93.85481163985236,608364207.7428135,494065314.2051215
2022-02-03,3502.1041102828003,305436998.5354186,3.198262857831035,38.804574915370836,611508486.8823029,137821798.30450743
2022-02-04,8110.248408280839,1915585908.7230134,2.8015061281500064,19.989709183886472,563961706.9064313,473003025.93924683
2022-02-05,5998.655292833732,710484595.182083,4.083259204287545,19.727050775342697,721428478.847887,340800372.8612262
2022-02-06,4158.703070418599,1285365404.0680382,1.8001634861722327,42.1390827354202,248264334.5623293,277192245.120684
2022-02-07,2890.1793171061927,424770561.24329853,3.4353763309814624,48.82400805069985,623289192.4326391,435329885.0007542
2022-02-08,6390.494017458195,870670819.7257404,3.7054139169613878,92.9847414144684,972421768.2029116,421473086.4676039
2022-02-09,6860.841582437598,616039513.3300745,3.070552227258376,24.984244773895497,538343899.8391689,796964979.6076202
2022-02-10,5511.43153459456,1590221114.0564978,3.1203716417454705,66.04214650016591,588974084.1857581,294785166.1080237
2022-02-11,4451.125725277814,1191389615.9600484,3.2870745434134254,40.835539990470465,617125515.7856927,682973262.6077068
2022-02-12,6035.997729061765,59308120.78773904,2.299909943676658,74.24561289955552,435785642.8477718,847862807.6063296
2022-02-13,4634.788285504426,486230640.8972008,4.339512788551023,67.12323927313575,428413779.59289527,616088934.9931322
2022-02-14,6552.59109810313,368168182.36208653,3.9356110989687907,67.82100915119344,293624222.465463,623080697.4630855
2022-02-15,5567.3068019063685,1753914062.6114082,3.312167078286565,75.40397934899036,715141051.041261,225426010.66115436
2022-02-16,5513.319312748454,369825638.0834352,2.927016964252661,40.24369609927705,495948447.8536149,698895754.8879963
2022-02-17,5288.8580905246845,1202822156.9313598,2.597436681548768,115.69686903819135,599677083.8254223,920827233.9711828
2022-02-18,5135.777672389602,1750071566.6849785,3.7473322423711295,23.640517549430196,442908427.51530063,125435719.89042002
2022-02-19,5280.31140859692,1279092781.9926033,2.0349059949408845,76.23379018297682,359708731.35997427,770031921.9142029
2022-02-20,4508.708285847322,757668773.1782749,4.089567535912446,33.196141707779326,378315577.6031374,304726256.4976101
2022-02-21,3033.2503291265843,1559797785.8249798,2.3879057698364874,41.5896526311638,42626557.01664573,420372391.94394094
2022-02-22,5591.581601264032,740889802.0856249,4.786094699573245,0.0,547322025.299213,410527747.7727201
2022-02-23,4962.9207094759,163480499.41345108,3.457619634800025,36.61255489496199,752888134.9892721,578470868.7665738
2022-02-24,3363.051222710157,2092804000.0670192,3.0222990358076953,33.88159797323216,664434165.9274263,233392296.81111902
2022-02-25,5388.1905075688865,565863389.039524,4.245689898187183,52.46034723492955,628166709.1837115,964348031.7699292
2022-02-26,6005.507340303883,1659946129.7967677,2.035707918449032,86.73543018906658,422398927.88690233,625879150.7923777
2022-02-27,4463.202106423345,332861670.78030396,1.3823615496654733,64.12602551429774,889513436.654688,367039224.9461418
2022-02-28,9802.10907697615,2008092767.2136054,3.2891266004727644,66.82031019481508,647136168.7527851,155744092.06689328
2022-03-01,3180.2706304036574,936991452.5913763,2.275956338014651,36.94860227346779,336326318.5429785,247426602.736201
2022-03-02,4167.937820867819,435546897.8592243,3.839108938695194,84.70810329684149,552338270.8778731,0.0
2022-03-03,3496.8488875074986,785274290.0731373,2.9982488500860844,54.87533869183187,403356053.379049,290781284.10215676
2022-03-04,5668.073494227774,998658440.2943667,3.8361017779962836,94.24466384524409,290188296.2859591,753368816.0387671
2022-03-05,5082.46842158511,1051891862.6881868,2.1142883106732224,89.83494412949176,412150718.03143567,484395817.83177614
2022-03-06,8072.141037190922,776718127.5886123,2.0628553535484,17.194932801698492,701884219.7444118,697360429.4685233
2022-03-07,5408.183293433184,607667937.5495962,4.604510806316986,50.47793667925643,482369770.2703903,553361144.7870202
2022-03-08,5656.846767943265,115931776.48990297,2.9766062515964404,108.7118767508976,683930466.7435391,657738252.2933474
2022-03-09,4407.119122310438,1739407759.9267821,3.3708779871106556,12.461287505755344,527297767.9934576,365138820.2177006
2022-03-10,3044.8725551722214,584985557.9691036,2.6959540661750374,28.078818528155214,713982165.3301609,424517961.3071581
2022-03-11,5310.406335764339,1450190721.635713,1.6635967364965722,34.00520581492477,860462756.298693,889049182.7653904
2022-03-12,5247.69075547243,806962435.3334262,2.2919479507251017,41.49793989320815,406688887.94365144,372906449.3430281
2022-03-13,7632.77769933584,1787720949.5970993,3.198468210655643,63.908837772263354,687312205.3625491,289681612.7994424
2022-03-14,3769.0398349898105,1100596405.7203834,2.517731312268335,55.98052988216106,656728796.7458133,368870661.6499005
2022-03-15,5064.423072280564,235763351.47817552,3.225464583797064,50.218929968275994,488561171.94232386,203727816.25554967
2022-03-16,8619.454219961412,1508041011.2468858,3.135881300856087,21.60809569334255,143092919.67564636,328783915.5574953
2022-03-17,5269.32442889697,820740220.1819344,3.840100894954296,93.6956154445226,686952206.7423003,424683916.6625661
2022-03-18,4773.577152640915,721781461.2028115,3.638832539214507,27.944650172465906,681738919.3396262,399381686.50354743
2022-03-19,8401.854440110204,615728603.6169815,2.672385940098141,40.87297433507243,433534949.4272771,153790729.63347346
2022-03-20,5802.424883846916,1075180633.8752177,2.91294110694621,2.4684059319713043,343615649.59739923,42606363.64502549
2022-03-21,6168.665863207299,1223714220.630252,1.8391106183398533,82.27259253297701,330457933.1636629,321133927.9715713
2022-03-22,4593.17110179703,1249849742.061207,3.6508337028864912,19.79571887635197,661866570.0118599,576074163.2784891
2022-03-23,5110.812952709504,349755454.2496046,2.442196406145561,25.32497310568662,784756780.3553611,523081737.67900723
2022-03-24,6378.1052254545875,1873015059.7973976,3.341419637217249,0.0,990798953.2629089,579846291.4530165
2022-03-25,5252.071241346947,738625638.2039735,4.347004683067226,37.283366272992886,622508854.6948107,474466659.88769454
2022-03-26,3505.0301173678445,1400049108.0277462,3.256266735573861,97.83279902217222,489794666.0575254,234787007.45915565
2022-03-27,6571.82641905092,378492084.00281024,2.844519372824896,52.03007771491848,674271786.3879832,61522411.97067642
2022-03-28,5335.787086141818,1677087453.4921908,2.3819052983437157,73.45557676297578,299753508.98195213,575739229.2663503
2022-03-29,5741.791537484947,1619950847.3367496,3.2347550114202797,53.67038223545092,329735796.0245499,232218461.31914693
2022-03-30,5766.305372257273,258902757.6625085,5.7183433277345515,29.475292551122074,595144392.0895472,696967447.0804865
2022-03-31,4325.614850901818,1459516389.5176184,4.336845896967967,34.808197622991386,890305452.1769259,481444486.7599522
2022-04-01,5429.497707288612,1947426028.3832655,3.5474947221288438,29.066918594215476,629819958.1669301,575858661.8956411
2022-04-02,4781.695437228089,2036454548.7728693,3.150939284721884,29.90781607062417,401686697.70135343,598515855.3443589
2022-04-03,4162.993582090103,1176902689.7461178,3.7417745589431246,71.65378407443129,777006087.1365033,784838950.0918164
2022-04-04,4150.895310469039,635024973.4695879,3.021442473396207,77.63424900353823,617097091.987361,26399506.541330278
2022-04-05,6473.505817298268,1560430078.3628983,4.671761813002124,105.05445366286057,501799217.00890386,468864109.79693305
2022-04-06,6397.513307033158,1633145619.0571878,3.2881676769766717,74.77742451404924,639787756.4490837,155006206.36097306
2022-04-07,6275.065605171614,1426473986.1267524,2.901261306724136,58.818470514086414,570775361.8398458,552269157.3666903
2022-04-08,6371.367541042202,1665773629.5004787,2.088050839164649,30.79571612159697,635975410.0198493,393900533.9850353
2022-04-09,5334.131442783873,453715701.9009254,3.2767724254394435,31.43816835690063,578526620.1511825,320241493.0157602
2022-04-10,3369.519607988469,587725756.842689,3.664071643049141,29.232322769517893,860450375.8779365,655948690.7551665
2022-04-11,4744.486043336063,1090366037.7491293,1.8347730216747502,3.777848885344895,605493352.0993056,203456308.15918636
2022-04-12,2986.21959056125,801848208.8006282,4.16742518151287,15.63020611605019,632661486.5123374,443734686.81877345
2022-04-13,5923.528491146167,1347041780.3238227,2.992271794471707,93.34105335733267,738372164.7786195,687461870.0897269
2022-04-14,5113.0362561979055,1165512697.1241853,3.8281522654672115,16.9514150201994,896265760.2405605,811602063.4038777
2022-04-15,6306.3264133322955,1665760692.1560507,3.7576479607660778,50.797529691321685,554507988.8642159,327891867.0437876
2022-04-16,5403.381794373687,1471502158.385709,3.069793618139862,120.75356450521227,358425485.6484221,704831159.5726516
2022-04-17,2332.8954837136334,559008622.9744186,3.7784490668281068,85.27492631572233,566914940.6177509,273284872.7347708
2022-04-18,3891.618784982674,1682341347.6702125,2.877814410936383,71.12210975165206,927688848.3323662,551582636.3943226
2022-04-19,8813.212597192634,923540881.925952,3.4942688957668113,38.258795561566735,633968895.3566097,135356612.95183474
2022-04-20,7422.921131300621,894176320.1097828,3.7526706282291973,94.86783320170024,298168905.9552877,180194662.6148501
2022-04-21,5817.0471370305,1383174524.4807615,2.770320609694214,70.62550408819718,615998058.8436737,220810023.1941844
2022-04-22,6060.318313498447,1584876455.0981097,2.8771279656764275,76.58403889540018,640921169.5911139,824567184.3377001
2022-04-23,4191.123415045274,97550233.46287501,2.7370522942504514,64.55699291658821,738691360.100111,318833610.1702007
2022-04-24,7589.417632414035,1197456187.3572075,3.914234470461043,89.0371560706871,1047260765.951122,541735390.6514674
2022-04-25,7866.3837170904135,1941630541.3406096,3.194469049534806,52.71859707788934,475065089.94090086,305400095.0416408
2022-04-26,6488.791870570571,1112797539.4271102,3.1473221517278955,46.00748824401926,634127460.0709922,796599847.4856586
2022-04-27,6508.53418704674,1007358791.3025974,3.1658594615764506,27.24612503824619,753056939.9334723,342947454.7440814
2022-04-28,7065.084476001968,909755827.3844296,3.4276502515365914,56.20849658528957,470893512.0447319,246094095.72399145
2022-04-29,5253.71578961506,1054224120.8294173,2.2429724974508023,33.91369308199917,612214532.9070735,416337984.4243087
2022-04-30,6295.324810220892,1010934989.5932337,3.147747629240903,30.4080671969414,341316483.92518884,530594415.8173691
2022-05-01,6717.2636780997,1594998264.2533727,3.54878022983945,0.0,244241062.45613372,579943193.6106439
2022-05-02,2958.744433449634,196569489.19253647,3.7828763583990686,47.01438132586724,440337219.0074769,572563599.1943066
2022-05-03,5803.9665989059795,1373319036.1166341,2.7687374264868074,48.70023347634957,732455768.6349607,408359558.8320218
2022-05-04,7446.047310657801,1533306604.747714,4.534862631189354,106.44861973242337,252306120.5509163,401899560.8682656
2022-05-05,4593.788348332699,861118260.2119244,3.709994772905565,30.406353255392098,645820756.4220272,701954107.5646577
2022-05-06,5592.700127463742,350627580.07390964,4.833319482563977,34.8288360908703,529403573.37413734,369299666.9457873
2022-05-07,3649.0934345610804,1362785922.1664214,3.5749256684440613,36.19728643105134,303310267.84421635,201222397.34773618
2022-05-08,4860.743923860865,1046178429.1878864,2.7728322493056394,17.026190516374605,345295171.2091017,229808923.95488295
2022-05-09,4215.301993477526,439940745.01473653,3.57930295894159,77.39040469520576,720816663.1793973,412805807.42015725
2022-05-10,6967.636841818337,1860116433.833547,3.4432200958412467,64.4784842757053,560970631.0710232,470159278.46923435
2022-05-11,4712.817177749298,1127422432.2319956,4.9382612905198195,6.940285768022768,461746151.8395547,112554131.7845459
2022-05-12,5675.321647449621,0.0,3.0550881165599786,77.70384736391587,338914189.4074401,188070475.45815694
2022-05-13,3710.070040118775,1068809545.3498933,4.655747209445341,79.8373372423006,514542320.4777477,464903969.5571673
2022-05-14,4948.41327692968,1718664629.9637315,2.6243551258131137,34.2476306635334,513171955.6309406,686221674.9433438
2022-05-15,6483.830144265199,1346521112.7535965,3.6938984333440144,31.945751712870702,936524798.1424024,314864059.09002316
2022-05-16,5569.270437692087,1537960672.8836434,4.410846679124484,2.455188554925954,675670957.857003,700985657.0979443
2022-05-17,2953.0624787446036,680704203.0538086,3.9362817272390402,52.277056689149404,802310393.132833,360805517.97558296
2022-05-18,4506.139951463427,312877201.25192845,3.4115545380807974,82.98365769927076,431848063.3428496,474808740.10523933
2022-05-19,6074.4710969988255,1122688543.4464643,1.903070084165164,67.46087779666202,657067039.731308,645577128.8841507
2022-05-20,5940.856123778206,1256460372.6752307,1.769139864661719,85.2455596271759,630026371.346505,494929375.25469536
2022-05-21,4555.4344066875665,857826728.7507725,3.0903887893868065,35.29119399487428,656462102.3886919,387464390.26310694
2022-05-22,5093.469296747227,874261833.6641088,2.7481526801637957,58.98656514587394,326016404.4242594,488816953.68585247
2022-05-23,4017.779167154734,632991025.2831445,3.133830964625627,13.549990512601639,457544882.45954335,327673044.5983583
2022-05-24,4519.407086592958,906789184.9251289,3.9533577114840104,48.059370335187104,578417684.7451224,385595745.5987099
2022-05-25,3984.2064972810003,826477816.0066075,2.3386668419485805,17.45049649547218,652106730.5047537,452761962.4659732
2022-05-26,4569.252831601556,1104810182.0244658,3.659010920265524,57.5305463567002,683016225.683353,933593588.834131
2022-05-27,6642.248233773338,768728573.1671247,3.1943153744297517,34.674691455051736,748123029.0798125,528243734.3495089
2022-05-28,1301.670410379927,1203965990.332605,3.2974194072254357,0.43145733820065857,506000844.4792391,447212900.5688446
2022-05-29,6749.8724373852965,346347005.81508994,3.0067484309447057,9.962882779138226,259852725.376835,250038760.91634983
2022-05-30,7812.308171677757,1624751200.8187761,3.5533457115104756,0.0,250814962.3204251,351945011.59949136
2022-05-31,5816.632788829512,657635314.3117673,4.000128274090412,25.329460578824506,777528298.9612515,90491261.64729756
2022-06-01,5621.849802735893,1117321284.446887,3.2698684160284777,38.22734069608049,466201583.19348675,312665748.4882866
2022-06-02,6262.349144001311,861192951.8180988,3.615813444355696,14.037036057651711,580996502.6784027,487213894.31151533
2022-06-03,5690.366412165718,774021079.8965365,3.569928782322553,35.50408100929789,445352385.84463924,397046138.2791139
2022-06-04,7027.802558522263,1181131636.6237314,3.5796271863714737,47.06666405176994,655027022.1106288,849058726.974489
2022-06-05,4615.5417290909245,1230241167.9650354,3.3280442900856495,11.970890162715648,631382887.2241365,369235114.426364
2022-06-06,5339.478919350232,801108648.0409559,1.7582193558748338,114.77003057783361,486317899.54815465,216629837.6259634
2022-06-07,3748.212072638521,559211060.9088178,2.443746007125271,62.79665073553597,235432147.87145627,536315123.56839806
2022-06-08,5503.595435493263,711454317.4244357,2.5298538217859137,73.28204522852221,686954976.1797469,468727700.8449247
2022-06-09,6023.091914569627,924937789.3209699,3.3809662635701283,43.7448937664316,353871015.06937474,712838294.6969216
2022-06-10,6292.727226073717,789857793.1166594,2.1555857334985435,68.34441335250031,687421571.7767749,611933864.5899453
2022-06-11,4332.0905710015395,1118201309.4811332,4.242551979901071,75.30452440057881,628193322.4291815,445566867.70376545
2022-06-12,4092.08402043594,354463653.1862937,3.395202617032199,86.26648318475117,722247544.3700587,262539187.5586307
2022-06-13,3118.645518789334,1110514850.7265224,2.7596933075263714,61.32328873778819,342328889.261641,494584278.83709663
2022-06-14,2621.9610971761695,975366482.0499276,2.263860942757364,8.18407162187539,448563577.0423178,110083980.48565781
2022-06-15,6271.833477029024,1431441010.6644912,2.664840737059845,54.25166907669487,537819677.6471734,730879925.8546582
2022-06-16,6471.055170041367,1046520850.6274801,3.305335179746416,107.68027599209074,191796131.70233834,501021778.3971742
2022-06-17,6485.9320385324445,1387999350.2929075,2.2591523273694305,62.30023167620896,545332604.3992152,346475180.6917399
2022-06-18,6110.7002297992785,758788239.8002801,3.509928399968465,34.36991073925762,510618022.787307,336000756.71523714
2022-06-19,3822.965013739932,649119892.46572,5.000668897334386,73.1946709700882,411064038.7132441,373719516.4231487
2022-06-20,4464.486904948469,1427644069.065516,3.770746709342872,0.0,538147033.3790727,779525905.5174044
2022-06-21,4931.186133578729,1976668143.239707,4.310576086569157,48.07150201929752,580457278.0506115,251917479.7080748
2022-06-22,4219.538375129238,35200893.40928435,2.992096315901321,6.310225833848939,291102191.93661547,433475401.85542804
2022-06-23,6013.446116732717,1283018450.7112536,3.3193445351574193,99.50282563563573,1102553889.601529,221885008.6850783
2022-06-24,5813.424921333466,1201462101.4602141,2.9318993160878377,25.62361851017038,592640434.7921791,683174670.2945567
2022-06-25,4701.082860187351,2000472942.388051,3.6690844256549724,39.289152062019156,585530441.8759617,597665564.1733482
2022-06-26,5832.936318532127,809902423.3164665,2.315838047328519,77.21345553357583,578342408.8698187,579165068.5116603
2022-06-27,3057.378831217089,446850317.38672984,0.0,69.74323764533507,578827110.852186,584284623.8317798
2022-06-28,2725.124881829746,276625039.08090305,1.9795907792169674,91.03963536800097,530846982.6864784,553701963.575815
2022-06-29,5988.127369357909,600785508.4116278,3.421469349274898,22.1649341702805,246258097.50467286,446823114.7185738
2022-06-30,15065.36928218738,3033634716.716798,5.671095358956786,75.57317444203322,1745713147.8665345,809360915.8849123
2022-07-01,15028.04107294888,2787663747.5799303,5.2405919037185305,218.97510060564053,1576794138.8562703,561952042.6107651
2022-07-02,12635.654949817557,3507326406.771781,3.4721254063540963,89.40742937476625,1857646739.2410343,882010767.6462499
2022-07-03,14632.979683994667,781112192.9565043,5.3825963576833,192.60420020174953,1475932483.4767725,729098423.4639792
2022-07-04,10388.406604964646,3748554608.8995905,6.153856483366411,0.0,2480806163.6617155,920867538.3466458
2022-07-05,9051.836603431,1676369755.1490455,5.900348383854783,0.0,1704428827.6313539,520934858.6290393
2022-07-06,12849.091052008323,413111991.20248723,5.419829325990914,174.51226413954683,862166170.2930527,799292981.1528937
2022-07-07,9665.95557294553,2678836337.807913,6.713151995320478,0.0,1384879093.8421915,958287275.7660091
2022-07-08,7989.736686032351,4471759224.456988,2.968099720934296,112.70690712377996,1730912162.9050648,925008429.9652001
2022-07-09,18332.949137672833,4749092723.79175,6.223265263945069,173.67782873909877,1317109185.8358357,529182233.0223011
2022-07-10,9954.853310971104,4996604725.9765215,4.94744652831457,161.80156748840847,629490127.3719908,632258918.9711443
2022-07-11,13660.242687415945,4399737007.635264,5.579007476844727,87.44130905642098,1241749624.633476,1251824320.4503362
2022-07-12,10473.902951468031,3606452301.478671,4.2888430908389,178.93216795094392,666170367.7282012,723534693.1807288
2022-07-13,6340.337875991435,3415169340.8185496,6.6071230680524495,155.13416416949235,1317247997.7185109,594546119.1900519
2022-07-14,15245.45116110864,3535406888.2006245,5.751487569857823,159.3569015064239,1648596654.640091,287706307.4000939
2022-07-15,14724.194107849384,4657511157.191023,7.748323717171708,194.06849064251716,823781004.8541522,644412843.7666909
2022-07-16,13262.173444667898,2075183607.1854806,4.434357090887158,148.3229351312014,1536757619.2893193,985384752.5610328
2022-07-17,11380.312748280443,3669572332.9017873,5.143717787266133,34.43521545422821,1524615791.8427048,669537401.3053044
2022-07-18,15637.053057299354,2400706595.3825235,6.037156639939602,138.75049673924642,1023818312.3319507,912361876.4829962
2022-07-19,16488.568517520318,3143055226.9813385,5.7624939955525,144.41496862385728,1932337809.9139433,536251292.46112186
2022-07-20,15539.64646029611,5677337103.250948,3.9388837573835582,158.0424608016177,1483889818.4180758,540827572.71344
2022-07-21,4315.961461786479,3579076262.8032527,6.404710558732111,110.20264175446411,1159270764.5082576,94218490.65576352
2022-07-22,9608.0570972306,3613093078.753634,5.009902251447971,113.42713901554805,1002202680.5029194,0.0
2022-07-23,14031.863978011399,4058054595.1923246,4.393222671787075,384.71597772003594,1078271589.0147874,0.0
2022-07-24,7873.191256163272,3994847961.7663393,4.780013465479311,107.09783498867853,999922974.0436655,1170025689.4357216
2022-07-25,13006.404884046831,3647784316.032986,5.190375256052667,213.00758805571755,1359277873.206325,736595638.5569752
2022-07-26,9792.351261327065,5014479734.834678,2.889945702850949,143.2141188363113,261345340.07537594,484275905.31945467
2022-07-27,13079.023618517898,5907232660.238165,5.405305690858489,0.0,0.0,798363205.0336491
2022-07-28,10971.003423138945,2403805124.9850492,8.295424462570809,22.6209216816317,1605464392.4079702,1098365000.4150703
2022-07-29,13335.8201301723,1174341169.639559,7.92284121205838,166.7133723944205,1626341582.937517,760944525.5533757
2022-07-30,4991.470623975933,1198042489.5985813,3.575334151245571,64.73025778410909,641390234.9902456,617968984.4166656
2022-07-31,4138.8128695969035,1315596370.061539,2.249992838616972,7.740654620340145,395329452.42062134,352732515.71434903
2022-08-01,7882.890663917005,1162041217.3573425,2.7993077097077577,14.315174305493834,562348394.2760197,503857711.58219546
2022-08-02,6687.7834436224175,239405074.34348297,3.7211470993813522,47.72299056144448,583133080.1032048,293907690.4509051
2022-08-03,2797.3221535265384,1697521089.337385,2.7114944567751156,17.011371208266503,431918445.07711375,449755405.4267266
2022-08-04,4827.608112155229,1061069017.9546809,2.56291752639362,10.553127073572938,497934380.19647557,499628328.35818076
2022-08-05,2609.8594748600317,2063510655.595061,2.690476638694993,71.12596883481858,287658257.784423,194916740.1562128
2022-08-06,4228.142790504157,2014496293.719276,3.3122221128594025,0.0,606288522.7307184,366194330.8730625
2022-08-07,4425.746166929777,1091622421.5746987,2.9692416197283515,0.0,317724699.35895085,370021606.5185346
2022-08-08,6686.5385003903875,1504317166.9631171,4.062629046985731,34.365172080157016,424834422.20429146,429776452.9487245
2022-08-09,5837.868996188139,467091617.1696669,3.6889417683145562,19.66788381758416,353465722.3370631,437936911.37227464
2022-08-10,3779.617555524759,2053519270.3284836,3.3901006292338898,75.77995624995626,291605677.9439378,274783964.58224034
2022-08-11,6469.405818270604,1181350766.8508084,4.277305392200021,38.075064250819366,546843655.8158748,920740666.4117126
2022-08-12,5563.624450679375,1264599058.059522,3.699280169425233,59.26875086895689,950459189.8497342,517118717.4636719
2022-08-13,6358.293333590117,881403079.8001864,4.302294641735012,64.41817274118999,182920817.33257556,666110363.0171937
2022-08-14,4886.212081921787,746666350.2620454,3.1922976345351675,0.0,503296103.4332255,400441351.3958872
2022-08-15,4583.3448999264,911690926.7663074,3.4893497832788976,41.11585603537385,741253566.7038476,148605441.47934937
2022-08-16,4814.30917990004,1232252659.2278383,5.1179703831295225,13.262950675661465,584765293.3043737,290905469.42775345
2022-08-17,4090.596872263147,1308542737.5276208,2.9419983843309554,96.76346656760461,403000866.40192,562304597.7855998
2022-08-18,5708.378159094186,1271413793.4878137,2.475906750287055,54.34221067358848,940676630.9922359,612135732.0601373
2022-08-19,8032.482981706802,781678244.8608453,3.4766990386859096,87.13431731867493,383054504.23386765,237446640.09426647
2022-08-20,7149.328164535893,1069220189.968669,2.8567867586733025,0.0,748268169.2356873,418549566.4262798
2022-08-21,3850.4003194189168,1017399927.2295802,3.1486071974454424,56.06297246142421,360395263.8496888,952138602.0559397
2022-08-22,5257.556637783803,726312200.9280927,3.4842736116925765,83.25527621748083,522960710.60155386,503491071.71197575
2022-08-23,3523.313438586141,1067208829.6163976,3.3318319700769834,36.08744087124776,296248090.6193663,841906012.5210767
2022-08-24,6004.900163384344,835937777.7059271,3.1739179621446896,55.050787011916505,118289158.26818395,267789088.12868014
2022-08-25,4339.54942964493,1016846685.6740017,2.8182268590609474,67.7291319583585,597662038.3333037,490578121.46107525
2022-08-26,3935.303031060155,0.0,4.461500754662148,14.65744872978398,554599119.2289639,186082042.26187137
2022-08-27,8718.963207539959,1429181094.3136344,1.1305747752844124,40.471727693965775,206458819.02890325,520445199.4172508
2022-08-28,6708.703006823411,2004271417.8010936,2.5714991199879584,44.957909165838984,432948066.8277619,462362618.09325427
2022-08-29,7346.283891197272,1201734008.492421,2.8986210641541468,51.70964224473862,526752166.8497003,345289293.51822823
2022-08-30,3081.574597883046,1257337378.909437,3.0138300842226236,14.10319546793766,220019509.358689,691073726.0990808
2022-08-31,6168.481070172287,1046292132.6001436,3.112699127182035,106.61034995801498,644350244.3943716,388691178.4099021
2022-09-01,7496.643156213799,1050039908.3420393,3.526652867669014,48.823996553057434,547722739.5866787,233203639.35688153
2022-09-02,7644.298575565738,1739418719.6294932,2.9424208928505142,124.34565300593994,289852967.7892101,455530566.68823445
2022-09-03,5396.924178437366,599986791.8160673,2.581511521921216,93.85789614453245,475885947.19973826,442074082.91327083
2022-09-04,2721.9108533200115,1028575001.7626804,2.9706616844058664,56.92708291818848,637232527.3408129,274808796.1836695
2022-09-05,5046.079745936123,635997542.9892312,2.6356694683023614,16.640535311540802,720097931.1840045,603691873.7230567
2022-09-06,7331.206845243317,792586891.5849293,3.1701113821456066,47.239281974437176,249745866.45599958,562105625.7243309
2022-09-07,5861.1154989800425,339413787.2588644,1.2893530071400712,67.05405217148032,202059951.6175741,710974043.4486792
2022-09-08,4317.375753357786,1271966810.2643685,2.576073827157827,6.302705376996364,683587404.5489919,547446021.4949065
2022-09-09,4879.493650459709,1736933000.0056643,3.1007717796106453,51.89048842427151,437161981.43843424,898511670.8141577
2022-09-10,2897.8415786644937,1127866030.5847888,3.9765487401313147,81.20754738545833,524790371.44871867,867770076.1953564
2022-09-11,5298.783242288192,675628681.3910724,3.5603516072484354,59.659949046864796,778278135.2418759,0.0
2022-09-12,2257.4623003757215,593011040.7358763,2.6292097266755916,32.604573672919216,329741946.9816294,369037045.7328778
2022-09-13,7238.5163083961115,216484219.04101408,3.2083537155450688,52.40859313993353,562419426.2522115,544759906.8449013
2022-09-14,5355.433125102567,1100753400.8980896,5.034266006603573,33.13969044226852,584413171.5115943,89521171.5142827
2022-09-15,5478.886018118983,357796275.345049,3.4140882933792316,74.6434422498174,659145526.020626,228231496.24112305
2022-09-16,3708.040654790298,641760539.1760619,4.053858169264311,87.79770899086179,620385344.398272,686553696.9263711
2022-09-17,5389.782081907637,1455379046.9166274,4.212370734471276,77.57259514412856,552375437.7378099,500407482.65741044
2022-09-18,3099.509870042198,695986301.2884667,3.250348225481678,33.062964922882166,492323231.2343136,901566601.9899998
2022-09-19,6009.377693474169,1461731265.8554296,2.654464225370125,29.791725800402457,335932756.07652706,705347301.5191343
2022-09-20,4302.001283025308,913882057.5429276,4.429184195676308,20.815079956261247,670226982.1951246,550262125.4859025
2022-09-21,3901.5145596890416,1324868819.8156617,3.80385150544527,55.670110215413914,169260986.89846498,195720929.87793973
2022-09-22,6356.957197281525,1192396365.4353158,2.615990306571286,85.84942310238239,629961338.3233058,639894094.4449093
2022-09-23,3212.32502099262,1723428785.1435797,2.615650724821658,58.25382191432038,618217830.7931472,315199627.85007143
2022-09-24,4059.1756732021768,780689505.0033251,2.7678038743689184,53.72967203069594,314707216.6248442,422097020.4105275
2022-09-25,4272.947669005163,1582844573.9165282,3.8242103752173704,70.5980677318174,352048175.6662049,426443655.80135536
2022-09-26,6537.967280113063,455142858.3467947,3.0733857278852064,59.84630394672012,600460365.9742941,305910300.56795305
2022-09-27,2431.5730871603187,982830364.5960536,2.625522608478916,104.47619981881432,700802325.3176868,171099284.39063448
2022-09-28,3040.0314832287513,1235343580.7769732,4.152952127212193,53.91433042511602,466644446.86376274,418682134.2618278
2022-09-29,3168.583206852717,232820810.3679074,4.220069452167478,108.96471132371757,324712979.19422805,385281839.79302216
2022-09-30,3753.94882936263,566710580.9539549,4.571457479445953,47.61504317232972,446381488.95575476,489836229.71581656
2022-10-01,6461.2009434932115,746236098.4610547,2.379611330469595,45.95722280690015,398576279.05077577,214787821.1665953
2022-10-02,5213.983236361327,1274803798.1635256,2.9602715874110075,66.35552193069628,482773440.9735951,349537543.6937393
2022-10-03,3067.48256155536,1608031253.6863196,2.236181717116679,89.21623133679662,381565423.0311648,469842626.14451617
2022-10-04,3241.1476528282233,297964891.862144,3.571530541318491,46.75636571896184,698889794.5120729,219209853.39290968
2022-10-05,4379.270793817068,465327214.9565118,2.8281908011635934,67.1016199023857,595348931.5227236,413430289.5900137
2022-10-06,6017.623147000877,1140351021.0491972,3.9765365975768603,64.5808488043014,189961802.70108366,443864085.62453353
2022-10-07,7287.385069278504,772659593.0602612,1.3539683391991395,36.03455753997803,533673784.75125563,477952723.34586036
2022-10-08,6210.372323004504,1748465743.7857842,2.7401899903969085,0.0,362914993.8708945,308213364.92389125
2022-10-09,5490.853898265474,1023248177.2184588,2.842727246835913,22.45694773033032,254099693.7820378,329487717.34563017
2022-10-10,6812.529015769874,1007972843.6237563,1.9588756063889015,58.387581530706626,705320685.585781,378801459.0941788
2022-10-11,4806.662157802674,1255825929.524321,3.8190261226044777,32.062149856984135,505245174.249912,375153444.74635476
2022-10-12,5856.143864534006,694346746.0272532,3.4176293450148227,0.0,610434370.3701397,579002784.7640799
2022-10-13,4473.958324599095,1311487904.4665499,3.6404287107719067,53.948639861020666,271721980.8819386,893625261.2575412
2022-10-14,5492.228143209371,1662123826.7459707,2.9540603720587955,68.22451128528752,472222233.57880753,336886111.1291655
2022-10-15,4952.747682589627,928095916.5857786,1.9134391128595996,20.38754482875087,134579128.38824058,385405097.67580485
2022-10-16,6730.128336407335,0.0,2.624812572632733,71.8430549768744,712553173.3680146,694520966.2804158
2022-10-17,4116.331807287119,1008558501.343693,3.4229517140143795,0.0,590027226.3093662,663070700.9941866
2022-10-18,3435.5122318266235,957478762.8715943,2.275328708186376,1.3059928731975177,260943929.92549685,169049430.21117675
2022-10-19,7692.2059921236505,1735340162.12967,2.682328356999214,59.41749072631565,638739551.9116845,759121067.7058426
2022-10-20,5065.128895190908,863849307.76054,4.500829636463973,73.93537889697312,332944531.27814996,285915334.8417243
2022-10-21,1601.4137613565408,713613289.5061865,2.0153740541367355,30.021642951202843,353943560.483938,271068714.2927694
2022-10-22,5852.6578213043795,761494541.6208887,2.0486927611817665,0.0,0.0,731917890.0739192
2022-10-23,6199.032254812631,1188456671.1432793,2.6831257313055086,113.61848723643104,241277411.14379072,356338063.6701915
2022-10-24,4175.712648882019,1010943270.5163051,2.221046544882117,63.92115610878655,426208260.8653759,327457982.31948805
2022-10-25,3187.9142747773394,1049589161.2572654,3.0235923529356463,83.23460867272917,811419129.7997441,584420505.3321033
2022-10-26,5704.503622124796,1085744443.658051,3.1069868275446475,0.0,529553879.31024045,433017490.6184308
2022-10-27,3619.714419431619,975800645.8100951,3.715297439110982,36.23416218530703,657165885.5878892,412788692.47851425
2022-10-28,4633.496031948491,929289444.7226768,4.007045755589538,71.36464777819181,738609431.5115991,264725568.26439208
2022-10-29,2347.716730400845,651646869.1031251,2.6147772123408246,70.98449229412923,449278612.46909285,591413749.2210265
2022-10-30,6289.32090519728,948461201.0393225,3.9818119394054374,23.896350657488544,117687055.58343267,283862614.634147
2022-10-31,3069.3696665243533,676739830.0478464,3.7742034309454877,40.892624960518106,303291819.9033749,392069983.0114986
2022-11-01,5668.663900233268,598291416.8615634,2.508970309877421,71.73027276926584,235964496.33697098,554434099.2588241
2022-11-02,7584.956820176553,174512737.81262016,3.594529304362923,0.0,466091535.6650071,162674860.982706
2022-11-03,3216.31082068624,605179775.2664859,2.4660443797398686,52.88384413562906,464556444.5366381,434884393.28692126
2022-11-04,4987.182655685833,1297345925.0071847,3.4085389562493456,35.24327376907407,105439615.35001242,637459629.8688693
2022-11-05,5762.5242008737205,1017726171.2246046,2.88197866834589,63.01196779867404,288342803.60867476,704036938.4856491
2022-11-06,6115.013024793543,882318527.136229,2.7887935887729465,79.75266513702977,202523489.6527537,598116650.2665939
2022-11-07,3502.7096790408027,947107892.2357452,4.132423263677951,57.33793865425339,407311203.62737966,714792744.554274
2022-11-08,2891.0794879371783,1170734915.7406895,3.3836949191051073,86.4509988343867,472153544.13684374,359753676.4776779
2022-11-09,3039.4612855706846,858474920.3008004,2.530045678282926,52.06304510838868,244599104.25252315,277617701.54513544
2022-11-10,8049.015034503751,468528403.13137484,2.3672115081683813,41.966448095958114,719206458.2273262,69982232.81159198
2022-11-11,5087.234729773946,1034167292.8630306,2.9780444412147475,63.51528059915386,476233535.21365243,296093659.158075
2022-11-12,8245.478484275776,1398316607.4781857,3.2165393523920467,53.26892167990699,103567200.73954713,500026131.17186594
2022-11-13,8424.916670737626,1075894948.8511376,3.415572518098123,72.69936015954987,471237995.40645725,228327207.75848746
2022-11-14,3907.9365783533644,634692409.890419,1.5099851268281155,76.86703259952084,658311255.1172353,1005277921.4997141
2022-11-15,4553.877389563956,442011779.0416777,2.2111591990795048,66.79939751988118,289450241.824903,332291284.6035974
2022-11-16,7733.5637751180875,1085071148.050366,1.5532199684762293,63.88413005121589,478390205.9115246,570591865.2009529
2022-11-17,4519.150595278626,1260562584.2393575,2.3755107743455297,28.54119861514465,419125099.4987243,650936669.6263798
2022-11-18,6083.511517894763,1173192775.6790426,2.3190577068173965,43.44787789830397,352296583.3652371,333217342.43636906
2022-11-19,3941.458375027303,1829157729.730537,2.5395800629588363,86.89995971383976,586306088.7755015,455058788.72277087
2022-11-20,7110.712736559613,1799367112.2818403,3.714108952497747,56.50350564984571,372423881.5526852,624571120.5142908
2022-11-21,7431.322690627043,1599250362.310595,2.647793959176244,50.92731976130982,660806480.4533782,602741530.9620274
2022-11-22,4255.142316052902,2182631374.416122,3.2545973334190554,29.389434727845764,549412491.7719574,391511976.32149714
2022-11-23,4793.281177887081,1369206443.125318,2.0417261816811205,42.50827486172322,485173630.78319734,819126630.9380642
2022-11-24,7553.770476667987,1387085148.7727902,4.469445760913178,61.55685206397334,565835537.3864514,803135765.7856412
2022-11-25,4697.876131087945,1197412545.7015696,2.024508495508168,85.94114418413076,797299455.960294,0.0
2022-11-26,5314.042260479651,1569984893.3224144,3.174574325017101,32.30805492600564,518109338.7480632,126957360.03048551
2022-11-27,4037.6008362877456,1343396628.6151297,3.0314435446971544,79.487717016967,424013060.1503736,625874654.9098022
2022-11-28,4812.357062506421,755606980.1512012,3.4299007975304816,80.06310157468558,675532327.3900294,224437718.28930885
2022-11-29,6000.962505054396,1046937117.8568693,1.9738042343165427,93.21965820388075,812313794.7104768,360145805.46857244
2022-11-30,3915.798101622764,1646959618.5148935,3.5698044718547677,104.96057766107903,622938182.509501,652260040.529778
2022-12-01,4297.062349516541,0.0,2.8413115818650914,55.387225054405704,286990662.725587,395308225.0865443
2022-12-02,4730.467422918746,515499777.2046748,5.004789392704162,73.53913630173544,730711016.7153058,485912456.81250787
2022-12-03,6930.181246044171,1288114936.1817327,2.915585862422433,74.59627288358226,742545033.218083,226272807.51473337
2022-12-04,1904.537512291436,0.0,2.4450145959783876,56.038895207075406,695099488.5056541,302676795.926285
2022-12-05,7079.51588235179,706079899.7659086,2.5298563092320965,72.0737996410187,319009302.6937765,361416715.6144917
2022-12-06,5706.824838922714,1179288113.7254703,4.457386603200803,48.92617285294259,378436749.0878272,348100722.83417
2022-12-07,5069.5388241568435,347612346.22588444,2.7388779625981625,81.68407180497671,113401459.37839288,827949617.1848114
2022-12-08,5779.604275288359,1409822422.000293,2.66425619577448,13.192408882085374,572423038.872037,328455481.0374801
2022-12-09,6244.096236491737,1071547669.1987324,3.8535808925763755,43.527577619980555,497181663.56415164,310686770.2897353
2022-12-10,6203.582164663076,652331084.6626554,3.060676706585008,22.696731026181375,499418745.80239904,536152795.2598145
2022-12-11,3978.717772415447,1123965001.2391136,3.605074518791466,4.059105209891186,627619241.4728965,105709659.71417111
2022-12-12,7413.526112191825,520900217.2750137,2.6707807739246716,21.035827172403742,376558583.0864265,350989078.2057581
2022-12-13,3720.0577980993467,1490127364.2669065,3.756651731935864,53.87213519812788,470616633.23963803,842343349.9533083
2022-12-14,5976.924057182025,601931905.0437958,3.245418363578173,5.589777424143286,249512268.22905836,255972810.63903788
2022-12-15,5177.125770346175,553383855.7905612,2.5827383421540615,67.15606642739509,910413612.4304523,297616481.14194196
2022-12-16,6578.095627099803,840907132.9346961,3.5170007358564757,43.961802619241325,285170106.1700511,428193417.7784799
2022-12-17,5589.658238664684,424208130.52054465,4.294653625329123,40.06900901820864,366991401.3234669,849631502.3841069
2022-12-18,6159.45158362574,684614777.0665429,3.023130483904994,19.490221627851035,96321836.7708242,404180154.2797084
2022-12-19,6165.845417182248,703308339.2230065,2.647153094957705,35.65998414780827,569639116.4385036,235021108.8525065
2022-12-20,6917.42622861228,1062433233.3912351,1.9130788727289312,53.47739626831206,778699453.5748867,680099455.9522643
2022-12-21,4470.983020293282,814083496.0143398,2.370200385276728,72.95766942571208,356888262.62164843,31777654.143523157
2022-12-22,5923.054841424091,1850649463.4427962,2.709787167672427,55.80431213883424,432493757.909021,712701204.3445508
2022-12-23,5933.669749634416,1467466627.2145119,2.3059266224702273,105.09452670309531,357124020.2061821,333433526.7920996
2022-12-24,3274.839192733567,0.0,2.2744590268896268,87.18352269943348,610018164.8587396,323525352.11897427
2022-12-25,5490.801715429926,648247551.0445768,1.9969478379717256,34.459389680991166,395879884.6176492,391754078.79291385
2022-12-26,5045.93593242075,1205713044.5348895,2.6205130545998943,49.75846983016322,358352359.10695255,537059289.996566
2022-12-27,4119.718927328124,1016047917.3892176,4.406768341284248,32.86885527122918,713209540.9992814,492344534.44702893
2022-12-28,1262.2101391094748,930937443.202571,3.8391773242713527,50.154666500995695,646322245.6233628,871164632.0430207
2022-12-29,4922.0285622051815,957550408.0700507,4.184957555040302,64.66988624493032,615526572.4848195,414789281.92862
2022-12-30,3788.3643276552843,931466822.8473871,3.94861938406156,65.9388017806327,453288878.2560081,543355644.8455784
2022-12-31,1760.1626099424748,1146799483.5090582,2.3942667847942487,99.33716000597364,502989872.04076546,571285706.0756862
2023-01-01,1980.2877159179488,1365687350.5263898,3.468891787365154,80.66632606190788,368255280.81460714,437002455.55024314
2023-01-02,6924.804784843984,1442088842.5950751,3.303340009074719,27.947605889154374,438126361.8967145,307843541.43501544
2023-01-03,8979.565823721314,1229994163.2632709,2.737827364759153,105.17841599123157,852636628.9124712,612175405.3403102
2023-01-04,6138.7237863295695,1010838728.2102476,2.5033598896222875,0.0,585824160.9825768,591437557.9032363
2023-01-05,6568.030194766623,1249703459.9651084,1.9213724794333769,69.18403470265883,520875581.64039177,766036975.4957697
2023-01-06,3048.48837816195,1263875775.5969713,2.6549285367262208,105.74936923681122,851168129.5870657,682740649.1862018
2023-01-07,3904.2629822342415,801824419.9685456,3.5291727585918014,50.34587570784056,569305575.1594584,529920643.0395541
2023-01-08,3527.4991149380467,886114037.8540902,2.7832415840810176,20.126033379308197,440170749.8506626,1108270905.8642592
2023-01-09,5242.238089478951,2073339837.6838894,2.9635522120923135,0.0,585019640.0401767,343679538.14761496
2023-01-10,6948.510575948705,1275847415.5392828,2.631794374669729,51.762637155679265,477451443.31379473,401945649.2145648
2023-01-11,7174.566582173709,0.0,2.48395497392172,21.69096242205899,744268559.2904626,341298513.8209063
2023-01-12,5539.654529232972,822911751.8238002,4.0513984601889,92.59504631878374,389269458.73517424,343341089.23152614
2023-01-13,3513.723904814853,1629169275.1914907,3.181526500979297,42.573998237795806,786597516.181119,193109228.68864352
2023-01-14,5361.3200939041635,859080793.0421134,2.442408310511202,37.0538471385123,645128472.3172265,895163088.0471258
2023-01-15,3547.990035971337,1099183324.8324633,4.125125794845698,45.34905201927006,585979347.1178187,481797196.4141166
2023-01-16,7346.496345961718,1501387599.2371082,3.119616364497911,61.6415411736112,739076666.9704039,569000640.4322808
2023-01-17,4959.44485752779,964511579.8478442,3.685957241189777,93.10239085636076,926932488.0832989,464788667.7947181
2023-01-18,5965.585713725091,1164079037.855209,3.841994796904404,36.90679695934669,639022895.3503418,566087833.1500963
2023-01-19,5328.078073173577,1059042743.8628467,2.367264216402154,118.51326111774722,608040520.0129424,581124881.4242542
2023-01-20,4260.403557715936,1787148.5676374435,3.276484037520138,76.07489347337386,110334946.8001793,581119798.2121629
2023-01-21,4455.959123790714,865505599.8501027,1.7315075079501057,0.0,439549409.9203073,597167409.9250674
2023-01-22,4009.921714032532,1396736737.890544,1.4399362036883874,43.014346823784834,305785430.3886601,286344107.86466146
2023-01-23,3032.7797764260986,1403453353.1680975,3.8349088837097707,84.1235689297742,149522499.89755356,208723263.2425863
2023-01-24,3224.924229787765,1661167859.5150154,2.978168296570069,50.160856046504335,380906583.3708303,636697866.4438612
2023-01-25,4707.912810442691,1717749548.9855223,3.191801094510128,95.56930980445483,514547219.9698829,609816490.0563425
2023-01-26,7552.851274227307,751264735.9804935,2.579880152495405,69.77538913118181,513737637.5844709,360382457.6437955
2023-01-27,5540.699129713857,975848425.890927,3.1380577209663105,41.82974730676844,718641507.6679541,539074717.118019
2023-01-28,3860.1047532097373,2048858894.5383544,3.7785553258312063,57.17023944218689,343160647.124467,477175618.9276031
2023-01-29,2586.0316283166785,1700491448.3866744,4.019707761173131,68.94081351702827,555135632.4836234,428601562.263991
2023-01-30,7061.754669289801,1281290125.0217676,4.060735004216218,52.668505288123214,872114096.9050281,181839848.88053697
2023-01-31,6265.063034999712,1435814870.9206676,2.3825039164358635,79.91711707080492,407611514.81368333,734882809.4309355
2023-02-01,2132.109182642048,1952005017.2044086,3.118244149026061,43.90176701441834,675248303.3134935,462630234.29698753
2023-02-02,4559.1400529221255,991498784.5566273,3.8424859774438254,15.036955524378165,334785951.97512,646755603.8384825
2023-02-03,3926.4102481205546,999509085.1022844,4.11456174856227,36.842025345374324,645588690.2379731,601279885.9342425
2023-02-04,4500.936532492195,1054666739.8594214,3.019041900961922,41.50817436494156,684258415.3094497,698299961.9702883
2023-02-05,4824.062283028204,914900626.301948,1.5468566138208002,0.0,534767695.2687823,777930188.0906671
2023-02-06,4275.97497202707,529851628.1182443,3.9378441004264433,9.153258712530182,258063981.10329652,1146261695.6399832
2023-02-07,4386.661798327905,357916088.35987663,2.5421183614770184,106.01038319320624,772001808.1092539,497235919.9866885
2023-02-08,3912.6932316743587,959638770.2673032,3.6659560476256923,79.641551512585,767478820.3454518,647039700.95908
2023-02-09,4270.847490642388,0.0,2.850244279400784,12.901518628530837,806404412.3915368,305338404.2352648
2023-02-10,8770.8416952936,1057144370.1762232,5.534253600548857,14.567679574392685,631241394.778494,509819713.2413078
2023-02-11,4051.188805738654,459332170.3535688,4.7741846939564745,73.77271344550917,506538457.6186726,599986179.7900263
2023-02-12,4246.69206424981,551182508.7871414,3.976126613767156,37.43633954828837,355738674.746948,414770141.41522443
2023-02-13,6763.189217606116,1369656184.4898822,3.980912593739622,15.975637520536758,601850616.4298009,277275099.1845658
2023-02-14,5016.086412891995,1514910559.1533544,3.1215828732227004,63.62412976384468,621489728.4532969,650794635.9188123
2023-02-15,5486.222654228509,1671659427.5001178,1.9665907002544465,76.11872434660008,703118394.6644927,551036040.4724681
2023-02-16,4597.009721004582,981298732.2460341,3.5851143261946237,38.616556966357706,522330935.8550432,319202472.32066846
2023-02-17,6318.9727090966335,958974683.4566419,4.034896683904645,137.82667372255628,465626208.56681097,627298435.1438255
2023-02-18,7076.827214250826,2126933796.0487783,3.9457856569579848,73.92052300529885,304944603.11264807,593589952.0983928
2023-02-19,3335.0667563381817,916375546.8359456,2.798066091481819,25.023692448947195,661855632.7354848,243112042.0142839
2023-02-20,3529.1498217715966,1161032119.1833005,1.8711668929931622,52.03970527773396,233585827.1120854,533685380.3230774
2023-02-21,7861.12677633266,385226578.0725416,2.948623206501849,83.44808267540853,704899752.7686362,414855782.88757133
2023-02-22,5743.32038990193,1184801804.5438097,2.5107275042660944,60.48353439873294,237219268.18739778,530183497.322736
2023-02-23,7772.926732870384,1350254371.4339423,1.950276444990304,110.02614305856832,679874463.3483515,571927907.8364854
2023-02-24,5815.142170014447,526381422.5741911,3.6565378951205503,57.41075681684558,436121451.29320085,552524820.1883017
2023-02-25,4545.691449417418,1518196304.281736,3.722992660830111,66.51018737999169,542597641.5856606,418426946.75432944
2023-02-26,4755.743493666764,861370175.9321101,3.1681001816401326,46.10353508150865,226686186.19354862,615123504.3134767
2023-02-27,7904.46618398817,657417369.6452401,2.86571910295468,52.69740598866974,671683252.5734066,694687100.4739267
2023-02-28,2681.631292172022,370638563.1553849,3.434769150529522,36.46801597987053,549104590.8597189,355470836.4989352
2023-03-01,5889.865987655586,1155791795.6760964,2.8694082910990923,65.4633272692031,630338306.4243857,385524344.66893643
2023-03-02,2130.5413119896375,480845345.8832873,4.400876174815368,54.230166173483425,488064619.1625286,264372871.64479667
2023-03-03,5231.695718949628,599464835.1324031,2.666168156228563,59.870079688034224,629720580.0636337,549659526.2769108
2023-03-04,6153.2621692187895,726480327.09729,3.040584419673757,43.14678200480905,855202799.4867253,627693027.5615209
2023-03-05,4816.859897342324,1768190360.9894028,3.9852926862798004,37.29973725943039,599372044.3590841,425876421.5315687
2023-03-06,5471.69161856921,600692333.7213957,2.6771651387860653,29.990889966478832,578033399.4325978,611972682.5532949
2023-03-07,9084.956624593415,1979615604.2796197,3.7652203627006324,18.011735316807425,330600289.5072522,369247802.38195837
2023-03-08,6918.196016646405,634705762.484843,2.7262083192103357,42.858645623144945,393473711.37533265,750331432.7135866
2023-03-09,4928.656268838749,1152350703.6207628,4.17676831958946,21.38440425974406,722431551.2406445,608438824.97258
2023-03-10,4677.417326271234,1312221913.7619312,3.0351177342723186,0.0,600864185.9082205,442217911.48953414
2023-03-11,6378.665493235433,732933520.1639515,2.124659190190613,26.294665318392536,759098957.3329,618239563.5775244
2023-03-12,5836.127225773178,2042325092.2474883,3.495334332538528,101.11523864179077,144525621.70264924,827911063.835845
2023-03-13,7459.947366184987,1136754180.1327217,3.2324208626383326,72.7861929163611,490043907.2697573,470073736.69347423
2023-03-14,5548.8701792542115,1550442746.761183,4.263207549932284,84.16995186620365,343873285.5420748,334504149.62475204
2023-03-15,5625.744042626606,1246182879.1206183,4.8175753146483355,59.46755240660194,421237066.7539849,431744954.1110509
2023-03-16,6878.019310414264,729797546.7340343,3.620953324176282,52.49409614334812,487508235.9531357,329747281.7865582
2023-03-17,5887.74212103263,1567551192.166769,2.6733775308672203,36.967291442124704,676081209.2671605,29112037.974096358
2023-03-18,5287.684024131091,1153177771.4528122,4.097664576084798,28.39831890849482,856318417.8712418,374987447.3554471
2023-03-19,4722.222987912355,850332522.7923529,3.1953313681196964,44.128214473829345,290889185.76607525,794967679.0108855
2023-03-20,5979.947600061679,338971369.9250982,2.7388999274389527,10.263832969607243,709840670.3304853,337165025.74066436
2023-03-21,720.8833892501989,1456273886.8722596,2.048422958074788,76.66355351115055,541037387.1579561,769392073.3639429
2023-03-22,7881.722716857243,1556875013.011057,4.358899428728079,42.99906717881786,886461802.8494346,435497261.4123214
2023-03-23,8573.012095088125,855794265.1879187,3.265612564019015,105.84035087341987,736928294.9597178,468772872.8856584
2023-03-24,6918.586869832319,667415688.2444797,3.165163704465873,36.373090611502505,110256436.62545657,501797845.97254145
2023-03-25,4805.8886746813405,1774973674.994299,5.273619132480821,86.17604787660406,673888323.1742089,336508311.9725863
2023-03-26,4888.856111571232,1711971421.6457703,3.633383780227624,41.56691576194261,610777210.9963394,518037113.9832006
2023-03-27,5222.018153976328,1353158232.2102356,3.6711285352020555,40.41261753457242,627593026.996917,595528377.4440078
2023-03-28,3539.0567995638107,1466177987.0815609,3.680824088002184,104.91914521315113,408041642.4614501,484350379.9112445
2023-03-29,5195.067172281152,1108121115.475021,2.1631441509112603,62.17187071256134,700515956.4554555,289265698.85609
2023-03-30,6907.886384899932,933627824.2448728,3.0537270009565094,0.6920729106387213,706207470.5696454,0.0
2023-03-31,4174.5164233322885,1304637759.8225946,4.397144051041295,0.6804355491275942,259074141.62055779,536709166.74539375
2023-04-01,4337.200443294549,1227104182.5764308,2.01362132317567,6.705208504424988,442681328.8920033,636883130.0016867
2023-04-02,7638.724625198073,1561931553.6787736,3.039555941257726,39.09879929373591,657609442.8568988,1006046751.8893765
2023-04-03,6911.805920335282,1575612384.2625926,3.0980184965565707,36.496617506118845,759353515.4462094,912615694.3978202
2023-04-04,4438.094653835716,1618801144.2132807,3.4474300508352833,60.34519390263007,339790413.33252096,640129437.356802
2023-04-05,5723.7738335465765,1080265908.666483,3.778014668338635,72.658169612166,576021684.6221057,483066429.25032467
2023-04-06,4103.030097212746,892993508.7998652,3.4660913996067335,57.91597357181972,867872448.0242722,332970304.2811743
2023-04-07,6428.961470218237,1432317222.5633953,3.4254817593240254,65.1038220145776,508832409.89284694,549007377.1017793
2023-04-08,5451.077922959731,1374040943.4689019,2.1830558733470555,90.8126323517462,251482792.6085679,570319670.8410137
2023-04-09,7250.3535081599,883333022.4770521,4.16854427148054,70.04465723986092,611460223.1094768,691731880.0926533
2023-04-10,4110.213991831091,451173184.7743889,4.237933433991641,42.189803519714246,737484412.3902732,452744680.1544669
2023-04-11,5205.153731051561,908012142.8703572,3.470948735923539,76.96506452129906,745522108.6639467,748572271.4442995
2023-04-12,3715.182693920575,1845379063.4830313,2.783778905016759,0.0,618951969.3277084,389267185.4017183
2023-04-13,4973.962147580697,1730968321.683432,2.50178569653734,52.159527198362284,930404952.0381761,414683639.44628537
2023-04-14,2571.646981909875,1007971562.1827804,1.5871625073875917,23.11099496483169,517775316.5109079,589415792.6838874
2023-04-15,4611.484439875081,658473397.7215734,2.883059914159551,49.03089678213905,355926579.76378053,372637538.3172268
2023-04-16,4891.876621418094,849919146.4743007,3.354129003290438,73.47580916446117,851592301.386139,227453863.98600394
2023-04-17,6011.507500701829,811430000.9253038,3.5081584628973888,67.32797636591256,368975539.62529206,340014108.95020354
2023-04-18,4397.0972967619855,49855042.64579618,3.763663409247512,35.90721644430242,343378927.8550637,713630087.9206011
2023-04-19,6538.762859159294,845508444.8156269,3.2103377033414993,15.905429867165935,374843569.73207176,281848534.1188295
2023-04-20,7822.499621298893,1586412252.3712192,2.7483287475911333,23.5011126977397,771018072.9125658,742514751.6800854
2023-04-21,8209.711281621083,1015421906.509595,2.937100709565129,70.98392456702344,608748392.1931416,750589397.7292663
2023-04-22,5601.701026250042,1457331886.541498,5.108073743887731,73.23988328407118,421573887.41243863,456447317.91213346
2023-04-23,4221.5185392486055,2165470957.8011436,3.0430610646349283,8.259718008257558,217863453.97096425,542917460.3204348
2023-04-24,5497.058538139426,1562415927.720964,3.17263915616707,87.69062968002794,752902456.6718922,459922871.5620123
2023-04-25,3359.4186984100984,1111776453.2637534,3.0442199372856034,52.56994706183841,749967715.5566648,294132243.7598747
2023-04-26,5142.158938297129,880999883.2233348,3.448468577518059,41.72880471672652,526645544.7122598,551742378.7255247
2023-04-27,4323.218663222042,1306219388.4977202,4.563360575505989,95.23051513386254,643246837.1687878,539710916.4010044
2023-04-28,7966.3453412444505,812197783.162916,2.918840933354491,44.51484950503136,414259175.0736368,19984161.40443188
2023-04-29,4321.095556644918,548132430.4547879,3.3853407259931596,26.34634663769471,694372305.7069211,431938940.6033356
2023-04-30,7437.146736799413,1598428956.4904873,2.2360374942184134,61.86882612994058,428787112.9360481,806546007.2191625
2023-05-01,4946.783647891299,1559844766.576293,4.184681562814307,63.9735346905218,761128621.9160687,407005726.0092099
2023-05-02,8278.367282039031,1464527892.3027859,4.596526666402821,87.95874580715835,350923942.32557636,732920578.8067406
2023-05-03,3552.377337557771,984069289.4829016,3.672479267272118,55.01333280328898,239105592.6188258,578780504.1860158
2023-05-04,4786.265684520084,1532032041.7129705,1.374067737399704,53.3191826432582,423501799.75356114,407919406.8941484
2023-05-05,4890.865014347799,464160187.9197633,2.7440079568010045,28.954755427949433,683051324.1037519,477885596.46183985
2023-05-06,5041.723234781097,1369976977.8345366,3.946449137590882,58.540577645944886,678897511.116351,439562051.3241578
2023-05-07,3811.1385999543973,1581892425.1188045,2.662773006278878,52.51241026716791,738601830.3528624,191345749.9285187
2023-05-08,4384.070266434108,1323563440.6078014,3.7742222559393768,68.96044199616077,534620890.8580156,392828327.7108755
2023-05-09,5615.326711593081,460335503.3484298,4.186943356566696,78.17812365678738,211405171.1114692,505468974.5884412
2023-05-10,7016.943040779942,1186728198.311563,3.107910228030435,56.108387912919895,485983948.15083385,609050719.364003
2023-05-11,7045.237344825717,818631198.444007,3.0521722912149154,51.609547154931704,467465896.93328726,492610770.3812593
2023-05-12,5064.425463332702,996069121.7723726,3.3292423935773594,71.01012212801002,506990508.58943105,569191679.1365998
2023-05-13,5107.479535907581,1390163087.354135,3.8572694178022027,68.66488280705072,636203287.5904976,115619858.54660106
2023-05-14,4505.3800138638635,755165088.2374122,2.3948093129287704,18.384299225558784,255354677.31013334,207421131.41387326
2023-05-15,6166.799544130783,1354650082.211491,3.5207364368745795,26.604718289547733,394581352.7068736,275806879.1070217
2023-05-16,3718.3728645839365,1359766545.380495,3.628119219417719,34.26631826093372,719749614.5199859,439829539.68435466
2023-05-17,7196.139606649972,1193559060.318859,3.140754485473833,50.63994229488178,702260659.3165218,534197183.6764967
2023-05-18,3795.7787192872083,1547846841.42281,3.986195188694263,90.61984084042413,489522207.8880696,329707351.2543602
2023-05-19,3998.291223506032,451944733.82816756,2.526689020526219,70.94844343953801,835164853.1332967,0.0
2023-05-20,7195.909355751151,629534014.2313521,4.183660774694513,63.2874026499791,370277305.8332828,278675806.15728945
2023-05-21,6483.384470225054,487965711.25268495,3.357988178817836,41.72023025702663,720877525.5153868,336632493.1544558
2023-05-22,5877.5048633856095,1418289749.3194768,3.1820377316637494,111.0842030636486,469682891.4548664,88779545.12497437
2023-05-23,5802.844680367279,1630814222.6635268,3.592037045868683,56.948446923058036,659182438.9966785,350431503.01049876
2023-05-24,5783.506132351069,822807990.8490312,3.008771970923271,76.91642771729619,831043711.3198805,603171769.5769682
2023-05-25,5951.345245536015,1404400682.7452025,4.825102333507701,58.761946402035676,465294642.1086217,352530005.9972452
2023-05-26,6567.51061196108,652351202.0090138,3.8825212336506705,103.6339674729048,600155584.90785,637211667.889616
2023-05-27,5910.1516636872175,829275453.8399956,2.275449637153594,92.85540741317415,251799053.2286899,527630328.12027127
2023-05-28,5198.792967162123,737847845.9978253,4.514463115123199,83.94403770003615,458736563.1417948,676218366.7860677
2023-05-29,4755.087979336374,1157200924.1965375,2.6709871669278087,8.300515319449488,390844199.31388795,669910073.716087
2023-05-30,5573.4378207860755,1438554815.5630417,5.333058319868156,13.532478311134888,990525388.1727777,349782649.4293452
2023-05-31,6083.699473937054,1853596626.7205086,2.2384997043481683,31.379097103132356,565083884.7612174,290302256.22076035
2023-06-01,3827.729994568873,729110461.2606621,3.1762336943174865,50.201648080937844,739400569.2848643,388570435.88156486
2023-06-02,5921.352204674903,1858451635.1378574,3.3662397615906094,30.83400604438259,446494306.04419833,388688294.9484347
2023-06-03,5948.758196747662,1419002456.4289417,3.6854971682855764,106.88334113429084,974170646.7567369,795048964.3706069
2023-06-04,4559.752336279707,1337780542.336094,2.9225449101372445,53.59906400287168,137423270.99297518,505690539.5922712
2023-06-05,8258.87622382134,842691597.1943442,2.0739217427095475,54.692466113502675,839093696.6194665,527207291.5889801
2023-06-06,3460.949809347326,923857993.113294,3.67986921507846,39.687520465985756,408091523.15112174,155734783.77906197
2023-06-07,5387.164849631395,1063825187.1304706,2.854331015598814,53.226468950190075,606423887.7272742,684437894.560524
2023-06-08,1805.5352651033131,665225731.5738149,3.517086661456534,22.73189936340646,441591481.57513535,697387457.4110076
2023-06-09,4140.230083560255,1524266273.3806624,3.4981602180741875,77.22833059258966,522800913.5814475,368247752.289618
2023-06-10,6333.902901951593,281897479.6922612,3.3157607421229205,9.279708225363848,392998221.2256106,657968229.4749563
2023-06-11,5085.8981144809395,747289251.4462383,3.9376706368815673,91.1276429288864,640386792.7500768,676366499.7530863
2023-06-12,3596.114647830989,1700774085.4959779,4.288812290029048,61.54355139962484,498738795.19103074,690584085.8440053
2023-06-13,7903.4995730306855,1610087921.2374065,3.360961102131995,77.66781159368423,811914954.6649648,917480507.9030509
2023-06-14,3320.6018759867766,1598625812.480872,2.819424089618775,26.877729202116388,115141641.43878245,321187775.3162884
2023-06-15,6129.364166579262,1010817073.155677,3.2618026679895396,65.38041159866083,776438521.755079,666272914.5659077
2023-06-16,4821.015480386434,361071145.84752166,3.248054885752016,0.0,876108717.2208939,525417591.766948
2023-06-17,4536.720300081137,845945389.9244112,3.995623684326659,44.49657269513795,745873271.3593993,285164638.91039395
2023-06-18,4945.313083723321,489111769.64636755,2.7756154808262496,11.034521062941948,344201839.8883538,615247615.3192167
2023-06-19,6732.75127205693,1047090741.8082696,3.1311407652846612,82.33116086390632,367657965.64551705,479702943.00320745
2023-06-20,4320.76934617447,645084483.1975362,4.357923417433174,49.65255602548648,764832004.5144479,298248958.4530271
2023-06-21,3017.2143297387584,1387864146.597156,3.1096233712979524,71.7428467876196,420783380.35603136,625326400.3269361
2023-06-22,4027.3484497803056,1306745725.1993093,1.6070477814046984,51.32382522522302,507639737.9368412,583385406.8986654
2023-06-23,5209.894228933883,658853263.8837972,2.361547891959874,30.470510711806913,189375243.25920248,683589109.2199148
2023-06-24,3672.889743640243,963379638.5070841,4.413142648460395,30.287436511528842,512913330.9827978,771234190.243671
2023-06-25,16251.869665594457,2507655978.2044015,2.710069800293811,212.0022609583519,936406431.7658057,965769094.057857
2023-06-26,25648.706976639725,0.0,7.071982213634233,149.65850620874977,1524923201.1324306,1933927606.6574972
2023-06-27,12380.683663005058,3041544552.860079,5.589284461308626,308.5753677296635,1066439225.6285306,1467096689.6196249
2023-06-28,12009.577345771873,1817039571.323205,3.8647293180468267,128.32728090921404,2692608500.5903115,2322664652.081813
2023-06-29,19029.673169531485,1878642939.684725,6.059456064656769,200.68923047995887,1919093046.144482,1596225974.5058033
2023-06-30,11427.710437186644,2606683905.666737,5.890969052985973,2.7452253534074815,1261041086.9895322,586333261.8893943
2023-07-01,23044.798356036947,3097751118.4840584,4.605643359521102,176.37060717213942,1559793841.4102342,1333510503.0153897
2023-07-02,19024.09161284455,2533390107.230666,6.256072643869783,171.47105576222114,2430690321.5825005,1285762022.0609684
2023-07-03,18372.90692979814,1815119515.8398132,4.952712216328573,93.46237414620842,1317127286.0067682,1153754162.526729
2023-07-04,15169.765470331085,1449715355.2804554,5.220538469885049,104.45523493795112,1875296945.1932597,2038550356.2781231
2023-07-05,13597.451318730715,2538972412.7078767,6.319544098960156,179.31422968100614,1300942368.3241177,878371155.5183412
2023-07-06,18309.97262752407,1840337228.4961426,5.172017945850054,201.61029267515048,1094441271.5572405,1643543852.137323
2023-07-07,22847.421107946826,2307434784.850009,6.315394961050948,48.575832944260824,1441985027.2536075,292145732.96167
2023-07-08,14392.433284192293,2121281624.870508,8.073120252837512,76.98774541146454,1426708828.78457,1961794246.6668267
2023-07-09,13297.306233152412,2030019772.2145488,6.787254337991947,242.12918220219416,1822566679.4827392,925335443.8738946
2023-07-10,11249.480094377746,1976730468.7347586,6.6442875039112845,172.5251772062236,1368162320.714548,1083318701.8167732
2023-07-11,12743.366922122046,1705528172.4824386,5.974519371870031,104.1000957011279,2046750592.0728965,1562754953.0848925
2023-07-12,7643.120211096907,1818902128.3849025,6.394593818015284,127.34859211327485,1007033137.0754217,1853509944.1955209
2023-07-13,19194.160171538195,0.0,7.519132665509213,42.47074703838488,699470545.587786,2490134066.2202916
2023-07-14,12346.92982553935,2229395335.653853,3.6443063000078477,200.76639029718126,886308910.576738,1134585356.523051
2023-07-15,17922.466795051554,529514638.68786895,5.340121661227038,277.5452490255926,1491470326.0363314,1175585200.5136564
2023-07-16,12442.808800712615,3300293525.473344,7.727872386336213,138.68904472533845,736154257.9366367,971106616.6860329
2023-07-17,13695.427715952464,1198752392.854498,7.528298153752581,283.76840680283397,1448310146.8416731,1467228453.8952975
2023-07-18,17406.619865234614,1310907135.2282023,9.943002062669148,192.85076660854654,992678401.1213222,2005014803.7267995
2023-07-19,13636.264947310367,810666915.1473709,4.897695942972145,342.79034722775657,1696851154.834014,1521666771.7509813
2023-07-20,13107.707841887835,1131490928.3605647,5.2731836795352125,104.90728356122338,1982487909.7768388,2123973800.4949412
2023-07-21,14896.910109749553,2203556874.347637,3.7245440991833823,112.42398625250361,2712206155.2115626,430135484.6418937
2023-07-22,16948.077170052933,0.0,5.563406490447661,266.76048337568074,1893717986.7989326,773597991.865139
2023-07-23,20719.02056144563,1776401938.4311976,2.0641482475199955,212.75174656625825,1486966171.5148716,2358093299.4272876
2023-07-24,17845.42394018318,2315713369.735949,5.461626146634393,131.33858743599242,1156410543.687324,1446541371.8475676
2023-07-25,4068.332746123613,1577318794.164772,3.49678453261924,69.35159116537892,437755673.62595403,258939266.65290046
2023-07-26,5818.88884777938,60405516.342887044,2.9950792804096955,82.14137001916232,650513077.2065744,288584573.73973024
2023-07-27,5452.519268474033,1586140069.3508258,3.0600055314333585,48.277858406514525,624116903.494136,629782536.4064194
2023-07-28,6513.399094667316,842128903.6929432,3.3355803158421757,64.9805961239974,786993375.4367543,326996224.2710655
2023-07-29,6698.990061225979,797976221.4460433,3.7849442874333095,89.04200490527322,621683531.107463,304466181.1792238
2023-07-30,5802.62995784516,1736397582.2663288,3.1263269015731163,48.49996280678468,425473507.25021076,365110202.4037296
2023-07-31,3862.174496068801,1073769417.1526046,2.844103391754649,37.32380476936542,542890997.1892561,347593757.137323
2023-08-01,2829.1226766012937,1161145644.7091458,3.035050990447302,51.24356749941494,505126541.3771282,603370397.190613
2023-08-02,6311.657723321428,1266103278.307091,3.1759135224214234,79.36677390724492,460893609.86172855,598719063.3972806
2023-08-03,2564.674612596625,1164494164.7830715,3.265005466924897,95.15063031490925,697066893.2096301,780088829.1268382
2023-08-04,4876.527968948115,1216943026.811325,2.1133516280398013,45.048858491658386,568778090.7330694,347797253.3707125
2023-08-05,5254.945186820138,1995097193.586564,2.7460480816036856,44.82046216239982,754323968.240182,421621277.3831906
2023-08-06,4839.366602324693,1074404846.8823574,3.5317659237005614,38.21775435731049,270084853.7375439,602518707.9502068
2023-08-07,4448.044990143282,1177833735.3668582,4.638196450669902,67.38362671500262,729904909.4712212,373944686.6114203
2023-08-08,4849.662952170662,1160742024.9554033,2.076057838926216,36.688025807038194,528451631.92072344,574689481.8461223
2023-08-09,3788.6041327578614,1033482252.0025152,4.232535262689385,50.15183181171456,551931557.4979944,503311000.6772867
2023-08-10,5662.233829354481,1479482678.8820257,2.4102764468143723,42.83542400241143,440359226.6467834,633892702.7374895
2023-08-11,6910.838942235499,1191965112.1560163,2.824373045081095,66.67641571037886,571186645.3451728,454876952.21596843
2023-08-12,5283.576290905279,699981693.8359952,4.372457146163794,83.2805715938201,568803912.200904,289680826.6535558
2023-08-13,5945.3753917311005,355695135.76467526,3.680752802840826,68.33085989271977,387445586.0879943,263214094.02222067
2023-08-14,6251.343310061511,626617608.2935956,3.9082490409674184,50.65834450403733,645808739.4432988,1231609706.794279
2023-08-15,5752.586585635021,541642019.9578872,3.4739566776821973,29.6959225087551,803866910.8321586,394641186.2055235
2023-08-16,4125.646152879055,716667400.8896863,4.267182053051668,65.93805235923382,488752754.3469599,664805886.378388
2023-08-17,9000.441059330473,1083624514.579914,3.574987114340773,64.30703368044024,759425987.4322007,661915450.6192608
2023-08-18,5860.217382232068,1506448618.2289755,3.418381623324739,53.856090688506754,532863658.2862379,115735756.8538062
2023-08-19,1741.749709337846,1145113381.3784628,2.1574716811489885,70.73302336577295,802304534.8140261,221513884.07563227
2023-08-20,6857.254461751483,1816348433.1095126,3.0954967323418683,14.360183599379809,443796941.30647695,450688742.0215156
2023-08-21,4958.728422856111,948849353.9371715,3.204355245544113,40.87219146408545,482702268.4571624,500153219.59137946
2023-08-22,8679.134968836677,622820131.2207698,2.0709652762953565,39.0162127365538,223751490.05707943,543093026.4455118
2023-08-23,5350.005556021266,38259214.525012255,3.0914515849610305,67.9960631608544,685317198.1939906,348212413.1656495
2023-08-24,13014.025454258084,1676885825.357684,5.685843241307841,34.60108200947576,1642815465.8705163,1173431789.4957519
2023-08-25,15876.945152089618,2655642063.9825964,5.619774453300568,0.0,845325263.7817785,799692636.1004053
2023-08-26,20837.299022804436,2717854270.9805403,7.176297303301024,98.88363042191855,958553421.0966774,1343026864.3635414
2023-08-27,11102.92905401394,1495235140.7496693,8.726513654404997,0.0,817072556.0992956,807502366.770099
2023-08-28,15106.564398597146,1103111481.6330469,7.3463141227348165,89.42170243811188,1090343418.921586,905605887.7735837
2023-08-29,13149.573505706523,2032873797.003023,7.207626418060327,74.69587818469459,1066659737.4349008,566684690.612155
2023-08-30,15877.807661151417,2815682636.8446746,8.666193583591951,133.9819566577374,1243670766.704333,473683108.17332673
2023-08-31,10364.209989720024,1376005836.962159,7.037130094985451,98.02227823493418,979487050.396511,415835895.51883864
2023-09-01,21837.74437766838,0.0,8.408490452642372,166.58822449868723,1285150999.0215232,503004958.9662277
2023-09-02,19109.73391226484,888322981.8053579,7.439754805015913,136.84040699871352,1268148793.8285153,509608909.22625715
2023-09-03,17167.854363185907,1901925532.4883168,6.0302797259132515,20.53506492086401,230141239.3185562,970236916.2273743
2023-09-04,16997.188168462682,1976655139.4675257,6.713378821558732,79.88512993705736,516515667.5252621,558042226.3566861
2023-09-05,20884.828820187762,2989793359.9498453,6.017548652859233,79.19499171778058,1823001101.9347496,925716948.6775393
2023-09-06,19370.470327658313,2684544533.1114945,6.351164447021155,82.75927139321944,1135170927.3275652,1143944380.227549
2023-09-07,13846.056732447481,2463768675.440749,4.830829648726907,90.73986269964426,1711742603.0561225,633312697.9280926
2023-09-08,11607.441284847317,2477400323.6736617,4.7651381368195675,52.22585419720851,706991590.095714,1164190379.8952258
2023-09-09,24382.96874352116,2263886626.377908,4.203479954071275,103.17041864688287,1280797184.7490973,937176626.3784853
2023-09-10,16316.52101038051,348688845.97138995,4.79789834431206,8.723564877529995,626138723.6762345,865433833.8931447
2023-09-11,25245.936200616517,1375288463.2763882,8.88497311250471,40.542074331624875,1852530760.1405137,495902267.0059678
2023-09-12,15406.628524046822,823510232.2194401,4.66843357593176,36.32463607961047,1509389299.0262368,744295990.665856
2023-09-13,18970.614410473103,2527004418.478581,6.532926844755993,31.550969714972673,879845457.8594338,715885660.8820789
2023-09-14,24039.415089943992,2205268066.1826367,5.8473440428448695,40.9411797687259,1340535288.051838,915321012.5834583
2023-09-15,9969.330525402545,850650429.7360356,8.470657318279546,116.39774909705439,552960120.9536232,1051092551.1827161
2023-09-16,17010.134622912115,384989090.6142126,4.633969037378464,86.04398822600012,1653699734.9185927,548554330.8601552
2023-09-17,19449.29833277173,1532748632.6178172,7.638515317484908,69.51765410187629,1187103237.7367444,916001348.9127659
2023-09-18,20654.97778537965,1378909757.3125668,3.7472141012392135,12.963182216379726,905761330.1482255,0.0
2023-09-19,9455.810006807027,1087536364.149676,4.851360715072936,91.85821468141063,548603299.8994051,447740747.9555867
2023-09-20,15665.141873685017,162693733.1630629,5.86544646807678,176.22493661963202,1597758940.7499642,694044569.3978459
2023-09-21,17062.620180175392,1803397880.4711409,4.63600025029283,106.99603329054662,1224707738.4589317,0.0
2023-09-22,13198.887462063247,2526008403.5041447,5.453686003768727,42.123531008673424,1254840686.3242788,173024959.21873847
2023-09-23,4872.976562184757,1298552625.0124154,2.5540467433358716,4.786732554501953,185826827.45154202,208991440.54245368
2023-09-24,5179.211280518073,1619654995.1112301,3.873325149619642,39.39016559911665,306085284.29557484,659442907.3902447
2023-09-25,4800.090788648268,1091631918.6494908,3.0097344057769293,95.08202972134978,703783702.8542136,390790589.52625257
2023-09-26,9090.457832906866,1161833148.951689,2.325974260461955,70.12742430636578,329890976.9821197,236386201.22360814
2023-09-27,5404.1580343683245,293045185.0727557,3.6523141231926455,7.567935160188476,423022401.3453948,685229864.6965933
2023-09-28,4415.378353786783,303787605.63250875,2.690531168335929,45.108452637821976,831964261.8321965,638192727.9797102
2023-09-29,6062.724081831238,869565378.2242485,3.2322528490603895,16.739080777844777,255106411.1548494,536118299.8878391
2023-09-30,3679.830013988343,1421459864.8459835,3.436552922879343,0.0,91738886.44107598,256057476.61519578
2023-10-01,3275.91862673576,1716730177.7562385,3.1114682024778237,89.02260842507428,522265417.14082,144307573.8244303
2023-10-02,5015.556698374071,1704160989.827488,3.0548818557046347,47.027487739231134,924580726.705322,410904174.2344327
2023-10-03,5786.409734431926,518788229.28887284,2.6893710971187494,57.350679199656014,523185779.5786533,283263659.76148117
2023-10-04,4950.434636077532,1070913887.657089,3.1780131198764927,15.98996252251061,491036761.4678018,540466482.0112158
2023-10-05,5019.702951978825,1055244659.21599,2.2090627065450157,32.87000783488882,645642156.37531,355441420.1942228
2023-10-06,8929.710273454319,1476740335.317247,2.9478456274271116,93.34882031875345,709546947.0848732,507631955.49014413
2023-10-07,5743.116453039445,873044031.28337,2.8410797091944033,40.483674890889155,637113515.2214764,464486171.04495084
2023-10-08,6756.1718471121985,929477105.9126371,3.00800119788643,96.34857121717484,682723595.8774291,775712667.1372666
2023-10-09,6062.626096956498,759861371.5977345,3.55677878759385,61.755606722813624,486868616.60960096,673429565.2135992
2023-10-10,5576.876717286827,469976173.010777,4.180664850796521,47.18815328582227,602445053.2078562,150091675.25407416
2023-10-11,7924.84281106579,791400312.615976,3.568250867201774,74.23942561667548,350088768.68038213,378629439.5494708
2023-10-12,1262.3959116813317,1152316377.5706995,3.749287408530326,74.27272794443594,420907383.6149102,201172592.7455808
2023-10-13,8268.574024439082,1227483753.6694484,1.8301699447411268,47.49990802934542,502276519.8622909,298813284.15529144
2023-10-14,5340.1401867340255,930920774.474476,3.023709705405694,82.99125017208274,613171082.4967468,388156734.8540386
2023-10-15,4824.7476256001955,1886079644.5006666,1.407610334779432,92.5915039553803,801183747.5116935,680244688.8515863
2023-10-16,8135.35545640443,1122445715.3444707,4.573598853674795,24.044052198916546,404601634.73926,551563784.565742
2023-10-17,5535.017083577204,647181347.5613356,2.7723881014970555,49.74918743245307,345887206.1858599,521646573.4641639
2023-10-18,4900.69197286646,1225144064.033265,3.0655422282246887,59.120539418828095,306871305.1478478,643801405.2711757
2023-10-19,5886.14082681043,1509987663.2611423,2.924762680899512,33.93872542970229,725891727.9596806,485131963.57053435
2023-10-20,4386.800007038863,290504367.6565739,2.9869823930828048,39.86188946208176,817760804.2849984,603247668.2196856
2023-10-21,6606.65306216371,489778515.4880822,2.75863374684537,56.269265975195594,398800029.96038705,722243685.5777025
2023-10-22,5642.613906419939,1171969679.1273053,2.8532391552901024,62.00717735850631,539306524.8938118,108572830.78612971
2023-10-23,5778.0898611233915,945198829.4456408,3.690421653051084,94.73486426232958,533816962.3069024,650254407.3567138
2023-10-24,5180.712421350356,1371149806.7731683,1.7561626893781472,37.665606181987876,557424705.8007152,528645959.67155826
2023-10-25,4956.747269443976,1145275060.426148,3.629918485940708,36.20918354933397,269865040.77823675,422423944.9991567
2023-10-26,5757.171560113236,1808057659.7421432,2.713066439647067,30.193911043387708,680374953.9334888,599064394.5011294
2023-10-27,5187.980167637908,453956443.6466228,3.9431088442566877,0.0,32333034.64552903,365928000.55717725
2023-10-28,4850.872047913003,977467047.1825569,3.924411426400327,79.47233080852804,629345216.4900492,468312281.7384988
2023-10-29,4811.784391925633,568240516.0283701,2.71127006154321,56.050697544129136,417532891.9147666,366918858.6350415
2023-10-30,5367.159129619111,2076757433.455018,3.5879268966430966,83.57502989948259,565456291.9451134,580855876.3499418
2023-10-31,4975.633564516803,1715192109.960546,2.20010053526701,52.51641373893299,971974481.1668999,443599837.2554581
2023-11-01,4621.36102172902,1187822558.8523684,4.804217638018033,54.18344682414461,512892155.6174537,388815162.81212544
2023-11-02,4625.681853542298,1594771667.7886934,1.6950444866261491,11.722698308610632,610159667.6571825,415450211.84235126
2023-11-03,5379.063306918268,1299311179.2138624,3.4043059310049046,34.82139146452738,533680163.9724482,174756148.98821563
2023-11-04,5699.535494391739,1594173461.4980638,2.1041500908933655,9.776703122842775,351189830.47286165,0.0
2023-11-05,6088.279462383252,1003757457.6339289,3.8095714327623837,61.786417189082215,460723817.28854495,615805831.6336643
2023-11-06,5229.661484085264,1480142287.4941864,3.666015822643278,78.9171021925505,507644663.11448973,644376976.5132627
2023-11-07,6998.074510316965,727423789.8503659,4.362140883884827,6.773662009709042,677150958.6068187,385948915.1032941
2023-11-08,6053.205323781866,1473670100.6237466,3.110040892742355,67.73999532791191,692243512.1882354,159903882.29990333
2023-11-09,5397.314118656751,1427874326.9597983,2.8253025889804544,82.51408903563463,565693233.9463989,847195219.8791804
2023-11-10,6288.867267959617,1720700820.033624,2.347370983750596,26.342786118705614,535355776.4927825,486646466.1150976
2023-11-11,4157.663080100338,1136555912.3430886,3.8790928925543446,38.07556684026893,193980267.63508487,632782128.731466
2023-11-12,4571.659534032879,1653077524.3239858,1.524681048469255,19.65297777736162,297515726.0888916,920226346.5259614
2023-11-13,5180.044666026043,973424760.392789,3.161494482683691,47.918899581593294,370083806.7053592,455410951.50062424
2023-11-14,6711.7590901240055,472325895.5827371,3.847089372614339,47.62173261945158,466190978.7356705,347463336.87644666
2023-11-15,5876.994015709942,1216724814.0084887,3.952936801407965,91.83499619820145,776604041.4016515,154233353.47910267
2023-11-16,5235.73206179782,0.0,3.446322004428674,42.54742862359196,433530650.03058296,356199864.93511134
2023-11-17,3219.574235546374,1451572435.784756,2.5191132186363943,49.32351461789717,279355794.6151553,289347431.10890484
2023-11-18,2987.674207851873,1557748695.6197982,1.5044349728390611,60.23342425510812,678204228.2046486,860862919.8816159
2023-11-19,5108.820838634914,721751382.9777784,2.1704555039708024,58.34963267374852,361738904.21511567,414573611.0187029
2023-11-20,7599.64229872432,1170022046.1930077,2.657711385921702,40.15866869557132,671927757.616035,207039693.54691845
2023-11-21,7692.51785513914,1415062776.8882518,2.3538251351704167,30.05467269372115,874779020.8183184,545072311.2869495
2023-11-22,4615.507570107735,1388473990.2011511,3.1935830591877874,84.44508948379534,420353262.8790762,204594520.18365455
2023-11-23,5130.368625568482,1553804900.6210904,3.5429316071832604,52.34451836946887,624222302.5135165,678041579.579786
2023-11-24,4370.5248802418555,1545236741.9386373,2.141637367097174,42.18466744235136,653070975.5707814,512018609.2392018
2023-11-25,5282.107594780194,1312807953.7271438,4.162572839706026,77.4877001487805,899781407.6477238,410249964.4895382
2023-11-26,2527.93796904692,927260451.29651,3.2184587945451737,0.0,666329891.538301,296413090.31380713
2023-11-27,3812.048235594491,1554049753.2916732,3.5645877936909613,93.0907163185654,594578282.5934584,416426123.06352234
2023-11-28,5952.915220064705,403465498.7973157,2.834651774939407,63.79291304377784,898738967.81612,511385713.71442515
2023-11-29,6311.820613869182,1098051194.8453007,3.9379937435228385,48.626847749338864,758112107.8819634,363997637.77936494
2023-11-30,4185.215519029744,1549868297.165628,2.02558619475508,82.74457160451246,241560784.65606624,228887795.18240893
2023-12-01,5550.51404612751,1123728209.3825374,1.2891358825257626,33.44827236005792,377061008.93719006,672977227.1763388
2023-12-02,4873.666038793849,1110053603.5684335,3.8265705810907633,71.5887680199335,505676434.1554158,860621094.4596481
2023-12-03,5998.903316547787,2159244494.696441,3.4596849995758365,51.07537526242979,559362670.5508635,406386739.600214
2023-12-04,3247.762200548765,439448633.5613121,2.072395596141587,71.29535894624303,665972922.7317574,405848454.6081994
2023-12-05,4519.032317329412,563113413.8667601,3.010356470753775,90.08717699119761,725285666.976309,183538783.4364589
2023-12-06,7621.367604654152,1335156116.7289248,2.7581746404218817,29.443998940865683,804098419.0140549,848290855.4089874
2023-12-07,4944.703916137963,1316393745.3378851,2.6127289524515582,51.07477429186722,457867578.9882064,299787621.30727124
2023-12-08,4458.305880856144,1556316059.7749033,4.071103312040703,25.335395625777632,796968611.4749537,295205708.7800778
2023-12-09,5987.749426907272,1241812137.5916982,3.121897576216819,42.53449345247032,17516309.03867525,874935696.5405195
2023-12-10,4800.22198637262,897322206.6760812,1.7975661342368914,11.207337413776557,585075562.1655965,496571239.2579631
2023-12-11,4204.138318889236,1224096045.3154616,4.173332620225203,0.0,571944821.940747,315430854.5133105
2023-12-12,5753.234380004397,418336090.1104194,2.92842907127627,60.50154723104038,612857271.1803622,574773023.189771
2023-12-13,5695.858882973967,1010573071.9724888,3.7876515819897536,51.60062137852816,466660064.76965576,0.0
2023-12-14,6287.90908435312,295933282.70693994,2.857104075101637,60.78223436536018,754259954.9442221,238758048.09642616
2023-12-15,3938.0541225756724,1963099366.803083,2.74545664989577,82.63800796196745,499319654.54197013,83176044.92276031
2023-12-16,6736.469995795516,518625796.7559515,3.7983091094361865,68.83822228965555,493970712.7485573,836099199.4772937
2023-12-17,7524.351185927807,1384069057.1694822,1.7885112636813263,20.891435868406184,342674637.2339617,880364514.6847963
2023-12-18,4914.268220472398,1048400038.2675838,3.471529100238906,76.61611522033677,199913248.40839797,707819177.671766
2023-12-19,4563.465781731094,1079044673.3330266,3.7899209654742503,80.81956801239413,629806223.3259126,357882604.0420853
2023-12-20,3755.9058122208935,841271317.9150863,3.3025563409984113,52.25715936000261,685076357.4273053,540938354.6751043
2023-12-21,3452.271890214466,1049477356.5204453,4.5084015326339735,54.70731643384659,396937255.46775526,418805141.7912543
2023-12-22,5465.856962968776,1771322239.3986282,3.1167047984097556,53.45528168558799,767106110.4388278,500276925.4347435
2023-12-23,6433.491758117951,906355989.8833337,3.283002655600472,55.75798315573508,698647503.5030326,640593052.2863834
2023-12-24,7527.175943122726,2028204874.324773,2.7037990925774613,64.00870555864132,413807228.54874146,444586231.4234938
2023-12-25,6685.512853892461,1307343141.5515635,3.5859772337670712,64.05214168885541,634930293.6604073,567204799.3707795
2023-12-26,3526.8998516915535,538704686.6962161,3.717424023407271,77.83395674357484,790054260.5004902,314433336.94467545
2023-12-27,5407.0182521296465,552630417.0042225,3.836732901717881,46.81049298738634,408480226.4974574,865553966.2890191
2023-12-28,4815.743361275069,823546375.4760587,3.8694773736086367,72.31755028709584,864202130.2820842,686801710.9025011
2023-12-29,6585.830610462855,634105979.4120321,2.6064446585268475,106.95138443715405,378296606.50854003,461646855.8102618
2023-12-30,5463.916537168799,1171884251.7596424,1.6934733192468028,78.19513683036007,869600910.1988347,732067019.0716274
2023-12-31,6765.490297417425,588757756.0771843,3.8452179007106144,42.69132639899551,522615095.95294905,479378238.1003859
2024-01-01,5957.897545296699,969045596.5623434,2.7071225450729886,26.706278634323187,305395526.04601777,715369639.9037946
